,verb,agency,power
0,abandon,agency_pos,power_agent
1,abide,agency_equal,power_equal
2,abolish,agency_pos,power_agent
3,absorb,agency_pos,power_agent
4,abuse,agency_pos,power_agent
5,accelerate,agency_pos,power_agent
6,accept,agency_neg,power_agent
7,access,agency_equal,power_agent
8,accommodate,agency_pos,power_equal
9,accompany,agency_equal,power_theme
10,accomplish,agency_pos,power_equal
11,accord,agency_pos,power_agent
12,account,agency_equal,power_agent
13,accumulate,agency_equal,power_agent
14,accuse,agency_pos,power_agent
15,ache,agency_neg,
16,achieve,agency_pos,power_theme
17,acknowledge,agency_neg,power_agent
18,acquaint,agency_pos,power_agent
19,acquire,agency_pos,power_agent
20,acquit,agency_pos,power_agent
21,act,agency_pos,
22,activate,agency_pos,power_agent
23,adapt,agency_pos,power_agent
24,add,agency_pos,power_agent
25,address,agency_neg,power_equal
26,adjoin,agency_pos,power_agent
27,adjust,agency_pos,power_agent
28,administer,agency_pos,power_agent
29,admire,agency_equal,power_theme
30,admit,agency_pos,power_theme
31,adopt,agency_pos,power_agent
32,adore,agency_equal,power_theme
33,adorn,agency_pos,power_theme
34,advance,agency_pos,power_agent
35,advertise,agency_equal,power_agent
36,advise,agency_pos,power_agent
37,advocate,agency_pos,power_equal
38,affect,agency_pos,power_agent
39,affirm,agency_pos,power_agent
40,affix,agency_pos,power_agent
41,afford,agency_equal,power_agent
42,age,agency_neg,
43,aggravate,agency_pos,power_theme
44,agonize,agency_neg,
45,agonizes over,agency_equal,power_theme
46,agree,agency_equal,
47,agrees on,agency_pos,power_equal
48,aid,agency_pos,power_agent
49,aim,agency_pos,power_equal
50,alarm,agency_pos,power_agent
51,alert,agency_pos,power_agent
52,allege,agency_pos,power_agent
53,allow,agency_pos,power_agent
54,alter,agency_pos,power_agent
55,amble,agency_pos,
56,amend,agency_pos,power_agent
57,amuse,agency_pos,power_theme
58,analyze,agency_neg,power_equal
59,anchor,agency_pos,power_agent
60,anger,agency_equal,power_equal
61,angle,agency_equal,
62,animate,agency_equal,power_equal
63,announce,agency_pos,power_theme
64,annoy,agency_pos,power_agent
65,answer,agency_equal,power_theme
66,anticipate,agency_pos,power_equal
67,apologize,agency_pos,power_theme
68,apologizes to,agency_pos,power_theme
69,appal,agency_equal,power_agent
70,appeal,agency_neg,power_theme
71,appeals to,agency_pos,power_theme
72,appear,agency_pos,
73,applaud,agency_pos,power_theme
74,applies to,agency_neg,power_equal
75,apply,agency_pos,power_agent
76,appoint,agency_pos,power_agent
77,appraise,agency_pos,power_agent
78,appreciate,agency_neg,power_equal
79,approach,agency_pos,power_equal
80,approve,agency_pos,power_agent
81,arc,agency_pos,power_agent
82,arch,agency_pos,power_agent
83,argue,agency_pos,power_equal
84,arise,agency_pos,
85,arm,agency_pos,power_agent
86,arouse,agency_pos,power_agent
87,arrange,agency_pos,power_agent
88,array,agency_pos,power_agent
89,arrest,agency_pos,power_agent
90,arrive,agency_equal,
91,ascend,agency_pos,power_theme
92,ask,agency_pos,power_theme
93,assail,agency_pos,power_agent
94,assault,agency_pos,power_agent
95,assemble,agency_pos,power_equal
96,assert,agency_pos,power_agent
97,assess,agency_pos,power_equal
98,assign,agency_pos,power_agent
99,assist,agency_pos,power_theme
100,associate,agency_pos,power_equal
101,assume,agency_neg,power_agent
102,assure,agency_pos,power_agent
103,astonish,agency_pos,power_agent
104,attach,agency_pos,power_agent
105,attaches to,agency_pos,power_agent
106,attack,agency_pos,power_agent
107,attempt,agency_pos,power_equal
108,attend,agency_equal,power_theme
109,attract,agency_equal,power_equal
110,attribute,agency_neg,power_agent
111,authorize,agency_pos,power_agent
112,avert,agency_pos,power_agent
113,avoid,agency_pos,power_agent
114,await,agency_neg,power_theme
115,awake,agency_pos,
116,awaken,agency_pos,power_agent
117,award,agency_pos,power_agent
118,babble,agency_pos,power_equal
119,back,agency_pos,power_equal
120,backhand,agency_pos,power_agent
121,baffle,agency_pos,power_agent
122,bag,agency_pos,power_agent
123,bail,agency_pos,power_agent
124,bake,agency_pos,power_agent
125,balance,agency_pos,power_equal
126,bald,agency_neg,
127,ball,agency_pos,power_agent
128,ban,agency_pos,power_agent
129,bandage,agency_pos,power_agent
130,bang,agency_pos,power_agent
131,bank,agency_pos,
132,bar,agency_pos,power_agent
133,bark,agency_equal,power_equal
134,barrel,agency_pos,power_agent
135,base,agency_pos,power_equal
136,bash,agency_pos,power_agent
137,bat,agency_pos,power_agent
138,bath,agency_pos,power_agent
139,batter,agency_pos,power_agent
140,battle,agency_pos,power_agent
141,bawl,agency_equal,
142,beam,agency_pos,
143,bear,agency_pos,power_equal
144,beat,agency_pos,power_agent
145,beckon,agency_pos,power_agent
146,become,agency_pos,power_theme
147,beep,agency_pos,power_equal
148,befoul,agency_pos,power_agent
149,beg,agency_pos,power_theme
150,begin,agency_pos,power_equal
151,behave,agency_equal,
152,behold,agency_equal,power_theme
153,belch,agency_pos,
154,believe,agency_neg,power_theme
155,bellow,agency_pos,power_agent
156,belongs to,agency_neg,power_theme
157,belt,agency_pos,power_agent
158,bend,agency_pos,power_agent
159,benefit,agency_neg,power_theme
160,beseech,agency_pos,power_theme
161,besiege,agency_pos,power_agent
162,bet,agency_pos,power_equal
163,betray,agency_pos,power_agent
164,better,agency_pos,power_agent
165,bewilder,agency_equal,power_agent
166,bid,agency_equal,power_agent
167,billow,agency_pos,
168,bind,agency_pos,power_agent
169,bite,agency_pos,power_agent
170,blacken,agency_pos,power_agent
171,blackmail,agency_pos,power_agent
172,blame,agency_pos,power_agent
173,blanch,agency_pos,
174,blare,agency_equal,power_equal
175,blast,agency_pos,power_agent
176,blaze,agency_equal,
177,bleach,agency_pos,power_agent
178,bleed,agency_neg,
179,blend,agency_pos,power_agent
180,bless,agency_pos,power_equal
181,blind,agency_pos,power_agent
182,blink,agency_equal,
183,block,agency_pos,power_agent
184,bloody,agency_pos,power_agent
185,blot,agency_pos,power_agent
186,blow,agency_pos,
187,blur,agency_pos,power_agent
188,blurt,agency_pos,power_equal
189,blush,agency_neg,
190,board,agency_pos,power_agent
191,boast,agency_pos,power_agent
192,bob,agency_equal,
193,boil,agency_pos,power_agent
194,bolt,agency_pos,
195,bomb,agency_pos,power_agent
196,bone,agency_pos,power_agent
197,book,agency_pos,power_equal
198,boom,agency_pos,
199,boost,agency_pos,power_agent
200,boot,agency_pos,power_agent
201,border,agency_neg,power_equal
202,bore,agency_equal,power_equal
203,borrow,agency_pos,power_agent
204,bother,agency_pos,power_equal
205,bounce,agency_pos,
206,bound,agency_pos,power_agent
207,bow,agency_pos,
208,bowl,agency_pos,
209,bows to,agency_neg,power_theme
210,box,agency_pos,power_agent
211,brace,agency_pos,power_agent
212,brake,agency_pos,
213,brandish,agency_pos,power_equal
214,break,agency_pos,power_agent
215,breathe,agency_neg,
216,breed,agency_pos,power_agent
217,brief,agency_equal,power_theme
218,brighten,agency_pos,power_agent
219,brim,agency_pos,
220,bring,agency_pos,power_agent
221,bristle,agency_equal,
222,broadcast,agency_pos,power_agent
223,broaden,agency_pos,power_equal
224,brood,agency_neg,
225,brook,agency_equal,power_equal
226,browse,agency_pos,power_theme
227,bruise,agency_pos,power_agent
228,brush,agency_pos,power_theme
229,bubble,agency_pos,
230,buck,agency_pos,power_agent
231,buckles up,agency_pos,power_agent
232,budge,agency_pos,
233,buffet,agency_pos,power_agent
234,bug,agency_pos,power_equal
235,build,agency_pos,power_agent
236,bulge,agency_neg,
237,bump,agency_pos,power_agent
238,bundle,agency_pos,power_equal
239,burn,agency_pos,power_agent
240,burrow,agency_pos,
241,burst,agency_pos,power_agent
242,bury,agency_pos,power_agent
243,bust,agency_pos,power_agent
244,bustle,agency_pos,
245,button,agency_equal,power_agent
246,buy,agency_pos,power_agent
247,buzz,agency_pos,
248,cage,agency_pos,power_agent
249,cake,agency_pos,
250,calculate,agency_pos,power_equal
251,call,agency_pos,power_theme
252,calm,agency_pos,power_equal
253,camp,agency_pos,
254,cancel,agency_pos,power_agent
255,cap,agency_pos,power_agent
256,capture,agency_pos,power_agent
257,care,agency_pos,power_equal
258,careen,agency_pos,
259,caress,agency_pos,power_equal
260,carry,agency_pos,power_agent
261,carve,agency_pos,power_agent
262,cascade,agency_pos,
263,cash,agency_pos,power_agent
264,cast,agency_pos,power_agent
265,catch,agency_pos,power_agent
266,cause,agency_pos,power_agent
267,caution,agency_equal,power_agent
268,cave,agency_neg,
269,cease,agency_neg,power_agent
270,celebrate,agency_pos,power_theme
271,center,agency_pos,power_agent
272,centers on,agency_pos,power_equal
273,chain,agency_pos,power_agent
274,chalk,agency_pos,power_agent
275,challenge,agency_pos,power_agent
276,chance,agency_equal,
277,change,agency_pos,power_agent
278,chant,agency_pos,power_theme
279,char,agency_pos,power_agent
280,characterize,agency_equal,power_agent
281,charge,agency_pos,power_agent
282,charm,agency_pos,power_agent
283,chase,agency_pos,power_theme
284,chat,agency_pos,
285,chatter,agency_pos,
286,cheat,agency_pos,power_agent
287,check,agency_equal,power_agent
288,cheer,agency_pos,power_theme
289,chew,agency_pos,power_agent
290,chill,agency_equal,power_agent
291,chime,agency_neg,
292,chip,agency_pos,power_agent
293,chirp,agency_equal,
294,choke,agency_pos,power_agent
295,chokes on,agency_neg,power_theme
296,choose,agency_pos,power_agent
297,chop,agency_pos,power_agent
298,chuck,agency_pos,power_agent
299,chuckle,agency_pos,
300,chug,agency_pos,power_agent
301,churn,agency_pos,power_equal
302,circle,agency_pos,power_agent
303,circuit,agency_pos,power_agent
304,circulate,agency_pos,power_agent
305,cite,agency_pos,power_theme
306,claim,agency_pos,power_agent
307,clamber,agency_pos,
308,clamp,agency_pos,power_agent
309,clap,agency_pos,power_equal
310,clarify,agency_pos,power_equal
311,clasp,agency_pos,power_agent
312,classify,agency_pos,power_agent
313,clatter,agency_pos,
314,claw,agency_pos,power_agent
315,clean,agency_pos,power_agent
316,cleanse,agency_pos,power_agent
317,clear,agency_pos,power_agent
318,clench,agency_pos,power_agent
319,click,agency_pos,power_agent
320,climb,agency_pos,power_equal
321,cling,agency_pos,power_agent
322,clings to,agency_pos,power_theme
323,clink,agency_equal,
324,clip,agency_pos,power_agent
325,cloak,agency_equal,power_agent
326,clock,agency_neg,power_agent
327,clog,agency_pos,power_agent
328,close,agency_pos,power_agent
329,clothe,agency_pos,power_agent
330,cloud,agency_pos,power_agent
331,cluster,agency_pos,power_agent
332,clutch,agency_pos,power_equal
333,clutter,agency_pos,power_agent
334,coat,agency_pos,power_agent
335,coax,agency_pos,power_equal
336,coil,agency_pos,power_agent
337,collapse,agency_pos,power_agent
338,collect,agency_pos,power_theme
339,collide,agency_pos,
340,collides with,agency_pos,power_agent
341,color,agency_pos,power_equal
342,comb,agency_pos,power_agent
343,combine,agency_pos,power_agent
344,come,agency_pos,
345,comfort,agency_pos,power_agent
346,command,agency_pos,power_agent
347,commemorate,agency_pos,power_theme
348,commence,agency_pos,power_agent
349,commend,agency_pos,power_equal
350,comment,agency_pos,power_equal
351,commission,agency_pos,power_agent
352,commit,agency_pos,power_agent
353,communicate,agency_equal,power_agent
354,compare,agency_equal,power_equal
355,compel,agency_pos,power_agent
356,compensate,agency_pos,power_theme
357,compete,agency_pos,
358,compile,agency_pos,power_theme
359,complain,agency_pos,
360,complete,agency_pos,power_equal
361,complicate,agency_pos,power_equal
362,comply,agency_pos,
363,compose,agency_pos,power_agent
364,comprehend,agency_pos,power_theme
365,compromise,agency_pos,power_equal
366,conceal,agency_pos,power_equal
367,concede,agency_pos,power_theme
368,conceive,agency_pos,power_agent
369,concentrate,agency_equal,power_theme
370,concentrates on,agency_pos,power_theme
371,concern,agency_equal,power_equal
372,conclude,agency_pos,power_agent
373,condemn,agency_pos,power_agent
374,conduct,agency_pos,power_agent
375,confer,agency_pos,power_equal
376,confess,agency_pos,power_equal
377,confine,agency_pos,power_agent
378,confirm,agency_pos,power_equal
379,confiscate,agency_pos,power_agent
380,confound,agency_pos,power_agent
381,confront,agency_pos,power_equal
382,confuse,agency_pos,power_agent
383,congratulate,agency_equal,power_theme
384,connect,agency_pos,power_agent
385,conquer,agency_pos,power_agent
386,consider,agency_neg,power_equal
387,consists of,agency_neg,power_theme
388,console,agency_pos,power_equal
389,constitute,agency_neg,power_theme
390,construct,agency_pos,power_agent
391,consult,agency_pos,power_theme
392,consume,agency_pos,power_agent
393,contact,agency_pos,power_equal
394,contain,agency_pos,power_agent
395,contaminate,agency_equal,power_agent
396,contemplate,agency_neg,power_equal
397,contest,agency_pos,power_agent
398,continue,agency_pos,power_equal
399,contort,agency_pos,power_agent
400,contract,agency_pos,power_theme
401,contradict,agency_pos,power_agent
402,contrast,agency_pos,power_equal
403,contribute,agency_pos,power_theme
404,control,agency_pos,power_agent
405,convene,agency_pos,power_agent
406,converge,agency_equal,
407,converse,agency_pos,
408,convert,agency_pos,power_agent
409,convey,agency_pos,power_agent
410,convict,agency_pos,power_agent
411,convince,agency_pos,power_agent
412,convulse,agency_pos,power_agent
413,cook,agency_pos,power_equal
414,cool,agency_neg,power_equal
415,cooperate,agency_equal,
416,coordinate,agency_pos,power_agent
417,cop,agency_pos,power_agent
418,copy,agency_pos,power_theme
419,corner,agency_pos,power_agent
420,correct,agency_pos,power_agent
421,correspond,agency_neg,
422,corresponds with,agency_equal,power_equal
423,corrupt,agency_pos,power_agent
424,cost,agency_pos,power_agent
425,cough,agency_equal,
426,count,agency_equal,power_equal
427,counter,agency_pos,power_agent
428,course,agency_equal,
429,court,agency_equal,power_equal
430,cover,agency_pos,power_agent
431,cower,agency_neg,
432,crack,agency_pos,power_agent
433,crackle,agency_pos,power_agent
434,cradle,agency_pos,power_agent
435,cram,agency_pos,power_theme
436,crane,agency_pos,power_equal
437,crank,agency_pos,power_agent
438,crash,agency_pos,power_agent
439,crawl,agency_pos,
440,creak,agency_equal,
441,create,agency_pos,power_agent
442,credit,agency_pos,power_theme
443,creep,agency_equal,
444,crest,agency_equal,
445,cringe,agency_neg,
446,criticize,agency_pos,power_agent
447,crop,agency_pos,power_agent
448,cross,agency_pos,power_agent
449,crosses out,agency_pos,power_agent
450,crouch,agency_neg,
451,crow,agency_pos,
452,crowd,agency_pos,power_agent
453,crown,agency_pos,power_theme
454,crucify,agency_pos,power_agent
455,cruise,agency_pos,
456,crumble,agency_neg,
457,crumple,agency_pos,
458,crunch,agency_pos,power_agent
459,crush,agency_pos,power_agent
460,cry,agency_equal,
461,cuddle,agency_equal,
462,cuff,agency_pos,power_agent
463,cull,agency_pos,power_agent
464,cultivate,agency_pos,power_agent
465,cup,agency_pos,power_agent
466,cure,agency_pos,power_agent
467,curl,agency_pos,power_agent
468,curse,agency_equal,power_agent
469,curtain,agency_pos,power_equal
470,curve,agency_neg,
471,cut,agency_pos,power_agent
472,dab,agency_pos,power_equal
473,dally,agency_pos,
474,damage,agency_pos,power_agent
475,dance,agency_pos,
476,dangle,agency_pos,power_agent
477,dare,agency_pos,power_agent
478,darken,agency_equal,power_equal
479,dart,agency_pos,
480,dash,agency_pos,
481,date,agency_pos,power_equal
482,dawn,agency_neg,
483,dazzle,agency_pos,power_agent
484,deafen,agency_pos,power_agent
485,deal,agency_pos,power_agent
486,debar,agency_equal,power_agent
487,debate,agency_pos,power_equal
488,decapitate,agency_pos,power_agent
489,decay,agency_neg,
490,deceive,agency_pos,power_agent
491,decide,agency_pos,power_agent
492,deck,agency_pos,power_equal
493,declare,agency_pos,power_equal
494,decline,agency_pos,power_agent
495,decorate,agency_pos,power_equal
496,decrease,agency_pos,power_agent
497,dedicate,agency_pos,power_equal
498,deem,agency_pos,power_agent
499,deepen,agency_pos,power_equal
500,defeat,agency_pos,power_agent
501,defend,agency_pos,power_agent
502,defer,agency_equal,power_theme
503,defers to,agency_neg,power_theme
504,define,agency_pos,power_equal
505,deflate,agency_pos,power_agent
506,deflect,agency_pos,power_agent
507,defy,agency_pos,power_agent
508,deign,agency_equal,
509,delay,agency_pos,power_agent
510,delight,agency_pos,power_theme
511,deliver,agency_pos,power_agent
512,demand,agency_pos,power_agent
513,demolish,agency_pos,power_agent
514,demonstrate,agency_pos,power_agent
515,denounce,agency_pos,power_agent
516,dent,agency_pos,power_agent
517,deny,agency_pos,power_agent
518,depart,agency_pos,power_theme
519,depend,agency_neg,
520,depends on,agency_neg,power_theme
521,depict,agency_pos,power_agent
522,deploy,agency_pos,power_agent
523,depose,agency_pos,power_agent
524,deposit,agency_pos,power_agent
525,depress,agency_equal,power_agent
526,deprive,agency_pos,power_agent
527,derive,agency_pos,power_equal
528,descend,agency_pos,
529,describe,agency_pos,power_equal
530,desecrate,agency_pos,power_agent
531,desert,agency_pos,power_agent
532,deserve,agency_neg,power_equal
533,design,agency_pos,power_agent
534,designate,agency_pos,power_agent
535,desire,agency_neg,power_theme
536,despise,agency_pos,power_equal
537,destroy,agency_pos,power_agent
538,detach,agency_pos,power_agent
539,detain,agency_pos,power_agent
540,detect,agency_pos,power_theme
541,deter,agency_pos,power_agent
542,determine,agency_pos,power_agent
543,detonate,agency_pos,power_agent
544,devastate,agency_pos,power_agent
545,develop,agency_pos,power_agent
546,devise,agency_pos,power_agent
547,devote,agency_pos,power_equal
548,devour,agency_pos,
549,diagnose,agency_pos,power_agent
550,dial,agency_pos,power_agent
551,dictate,agency_pos,power_agent
552,die,agency_neg,
553,dig,agency_pos,power_agent
554,digest,agency_pos,power_agent
555,dim,agency_pos,power_agent
556,diminish,agency_pos,power_agent
557,dip,agency_pos,power_agent
558,direct,agency_pos,power_agent
559,disagree,agency_pos,
560,disappear,agency_pos,
561,disappoint,agency_pos,power_theme
562,disapproves of,agency_equal,power_agent
563,disarm,agency_pos,power_agent
564,disbelieve,agency_pos,power_agent
565,discard,agency_pos,power_agent
566,discharge,agency_pos,power_agent
567,disclose,agency_pos,power_equal
568,disconnect,agency_pos,power_agent
569,discourage,agency_pos,power_agent
570,discover,agency_pos,power_agent
571,discuss,agency_pos,power_equal
572,disengage,agency_pos,power_agent
573,disguise,agency_pos,power_agent
574,disgust,agency_neg,power_equal
575,dishevel,agency_pos,power_agent
576,disintegrate,agency_pos,power_agent
577,dislodge,agency_pos,power_agent
578,dismantle,agency_pos,power_agent
579,dismiss,agency_pos,power_agent
580,dismount,agency_pos,
581,disorient,agency_pos,power_agent
582,dispatch,agency_pos,power_agent
583,dispel,agency_pos,power_agent
584,dispense,agency_pos,power_agent
585,disperse,agency_pos,power_agent
586,displace,agency_pos,power_agent
587,display,agency_equal,power_agent
588,dispose,agency_pos,power_agent
589,dispute,agency_pos,power_agent
590,disrupt,agency_pos,power_agent
591,dissipate,agency_pos,power_agent
592,dissolve,agency_pos,power_agent
593,distinguish,agency_pos,power_agent
594,distort,agency_pos,power_agent
595,distract,agency_pos,power_agent
596,distribute,agency_pos,power_agent
597,disturb,agency_pos,power_equal
598,ditch,agency_pos,power_agent
599,dive,agency_pos,
600,divert,agency_pos,power_agent
601,divide,agency_pos,power_agent
602,divorce,agency_pos,power_agent
603,do,agency_pos,power_agent
604,dock,agency_pos,power_agent
605,document,agency_pos,power_equal
606,dodge,agency_pos,power_agent
607,doff,agency_pos,power_agent
608,dog,agency_equal,power_agent
609,dominate,agency_pos,power_agent
610,don,agency_pos,power_agent
611,donate,agency_pos,power_theme
612,doom,agency_pos,power_agent
613,dot,agency_pos,power_agent
614,double,agency_pos,power_agent
615,doubt,agency_neg,power_agent
616,douse,agency_pos,power_agent
617,down,agency_pos,power_agent
618,doze,agency_neg,
619,draft,agency_pos,power_agent
620,drag,agency_pos,power_agent
621,drain,agency_pos,power_agent
622,drape,agency_pos,power_agent
623,draw,agency_pos,power_agent
624,dread,agency_neg,power_theme
625,dream,agency_neg,power_theme
626,drench,agency_pos,power_agent
627,dress,agency_pos,power_agent
628,dribble,agency_pos,power_agent
629,drift,agency_equal,
630,drill,agency_pos,power_agent
631,drink,agency_pos,power_agent
632,drip,agency_pos,power_equal
633,drive,agency_pos,power_agent
634,drool,agency_neg,
635,droop,agency_neg,
636,drop,agency_pos,power_agent
637,drown,agency_pos,power_agent
638,drug,agency_pos,power_agent
639,drum,agency_pos,
640,dry,agency_pos,power_agent
641,duck,agency_pos,power_theme
642,dump,agency_pos,power_agent
643,dust,agency_pos,power_agent
644,dwarf,agency_neg,power_agent
645,dwell,agency_equal,power_theme
646,earn,agency_pos,power_equal
647,ease,agency_pos,power_equal
648,eat,agency_pos,power_agent
649,echo,,power_theme
650,echo,agency_equal,
651,edge,agency_pos,power_agent
652,edit,agency_pos,power_agent
653,educate,agency_pos,power_agent
654,eject,agency_pos,power_agent
655,elaborate,agency_pos,power_theme
656,elbow,agency_pos,power_agent
657,elect,agency_pos,power_agent
658,elevate,agency_pos,power_equal
659,eliminate,agency_pos,power_agent
660,emanate,agency_pos,power_agent
661,embarrass,agency_pos,power_equal
662,embed,agency_pos,power_equal
663,embellish,agency_pos,power_equal
664,emblazon,agency_pos,power_agent
665,embody,agency_equal,power_equal
666,embrace,agency_pos,power_agent
667,embroider,agency_pos,power_agent
668,emerge,agency_pos,
669,emit,agency_pos,power_theme
670,emphasize,agency_pos,power_agent
671,employ,agency_pos,power_agent
672,empty,agency_pos,power_agent
673,enable,agency_pos,power_agent
674,enact,agency_pos,power_equal
675,encase,agency_pos,power_agent
676,encircle,agency_pos,power_agent
677,enclose,agency_equal,power_agent
678,encompass,agency_pos,power_agent
679,encounter,agency_neg,power_equal
680,encourage,agency_pos,power_agent
681,end,agency_pos,power_agent
682,endanger,agency_equal,power_equal
683,endeavour,agency_pos,power_equal
684,endorse,agency_pos,power_equal
685,endure,agency_neg,power_theme
686,enforce,agency_pos,power_theme
687,engage,agency_pos,power_agent
688,engrave,agency_pos,power_agent
689,engross,agency_pos,power_agent
690,engulf,agency_pos,power_agent
691,enhance,agency_pos,power_agent
692,enjoy,agency_neg,power_theme
693,enlist,agency_pos,power_agent
694,enrage,agency_pos,power_agent
695,enrich,agency_pos,power_agent
696,ensure,agency_pos,power_agent
697,enter,agency_pos,power_agent
698,entertain,agency_pos,power_theme
699,entitle,agency_equal,power_agent
700,entreat,agency_pos,power_theme
701,entrust,agency_pos,power_agent
702,entwine,agency_pos,power_agent
703,envelop,agency_pos,power_agent
704,envision,agency_equal,power_agent
705,envy,agency_equal,power_theme
706,equip,agency_pos,power_agent
707,erase,agency_pos,power_agent
708,erect,agency_pos,power_agent
709,erode,agency_pos,power_agent
710,erupt,agency_pos,
711,escalate,agency_pos,power_agent
712,escape,agency_pos,power_equal
713,escort,agency_pos,power_agent
714,espy,agency_pos,power_equal
715,establish,agency_pos,power_agent
716,estimate,agency_neg,power_equal
717,etch,agency_pos,power_agent
718,evacuate,agency_pos,power_agent
719,evade,agency_pos,power_theme
720,evaluate,agency_pos,power_agent
721,evolve,agency_pos,
722,exaggerate,agency_pos,power_equal
723,examine,agency_equal,power_agent
724,exasperate,agency_pos,power_agent
725,exceed,agency_pos,power_agent
726,exchange,agency_pos,power_agent
727,excite,agency_pos,power_equal
728,exclaim,agency_pos,power_equal
729,exclude,agency_pos,power_agent
730,excuse,agency_equal,power_agent
731,execute,agency_pos,power_agent
732,exercise,agency_pos,power_agent
733,exert,agency_pos,power_agent
734,exhale,agency_pos,power_agent
735,exhaust,agency_pos,power_agent
736,exist,agency_neg,
737,exit,agency_pos,power_equal
738,expand,agency_pos,power_agent
739,expect,agency_neg,power_agent
740,expel,agency_pos,power_agent
741,experience,agency_neg,power_theme
742,explain,agency_pos,power_theme
743,explode,agency_pos,
744,exploit,agency_pos,power_agent
745,explore,agency_pos,power_agent
746,expose,agency_pos,power_agent
747,express,agency_equal,power_agent
748,extend,agency_pos,power_agent
749,extinguish,agency_pos,power_agent
750,extract,agency_pos,power_agent
751,exult,agency_pos,
752,eye,agency_equal,power_agent
753,eyeball,agency_pos,power_theme
754,face,agency_neg,power_equal
755,fade,agency_neg,
756,fail,agency_neg,power_agent
757,faint,agency_neg,
758,fake,agency_pos,power_equal
759,fakes out,agency_pos,power_agent
760,fall,agency_pos,
761,falter,agency_neg,
762,fan,agency_pos,power_theme
763,fancy,agency_neg,power_theme
764,fart,agency_neg,
765,fascinate,agency_neg,power_agent
766,fashion,agency_pos,power_agent
767,fast,agency_pos,
768,fasten,agency_pos,power_agent
769,favor,agency_pos,power_equal
770,fear,agency_neg,power_theme
771,feature,agency_neg,power_agent
772,fee,agency_equal,power_agent
773,feed,agency_pos,power_agent
774,feed,agency_pos,power_equal
775,feel,agency_equal,power_equal
776,feign,agency_pos,power_equal
777,fell,agency_neg,
778,felt,agency_pos,power_agent
779,fence,agency_pos,power_agent
780,fends off,agency_pos,power_equal
781,fetch,agency_pos,power_agent
782,fiddle,agency_equal,
783,fidget,agency_equal,
784,fight,agency_pos,power_equal
785,figure,agency_pos,power_equal
786,file,agency_pos,power_equal
787,fill,agency_pos,power_theme
788,film,agency_pos,power_equal
789,filter,agency_pos,power_agent
790,finance,agency_pos,power_agent
791,find,agency_equal,power_equal
792,finger,agency_pos,power_agent
793,finish,agency_pos,power_equal
794,fire,agency_pos,power_agent
795,fires at,agency_pos,power_agent
796,fishes for,agency_pos,power_theme
797,fishtail,agency_equal,power_agent
798,fit,agency_pos,power_agent
799,fix,agency_pos,power_agent
800,fixates on,agency_neg,power_theme
801,flag,agency_pos,power_agent
802,flail,agency_equal,
803,flame,agency_pos,
804,flank,agency_pos,power_equal
805,flap,agency_neg,
806,flare,agency_pos,
807,flash,agency_equal,
808,flatten,agency_pos,power_agent
809,flaunt,agency_pos,power_agent
810,flee,agency_pos,
811,flex,agency_pos,power_agent
812,flick,agency_pos,power_agent
813,flicker,agency_equal,
814,flinch,agency_neg,
815,fling,agency_pos,power_agent
816,flip,agency_pos,
817,flirt,agency_pos,
818,float,agency_neg,
819,flood,agency_pos,power_agent
820,floor,agency_pos,power_equal
821,flop,agency_pos,
822,flow,agency_neg,
823,flush,agency_pos,power_agent
824,flutter,agency_pos,
825,fly,agency_pos,
826,focus,agency_pos,
827,focuses on,agency_equal,power_theme
828,fold,agency_pos,power_agent
829,follow,agency_neg,power_theme
830,fondle,agency_pos,power_agent
831,fool,agency_pos,power_agent
832,forbid,agency_pos,power_agent
833,force,agency_pos,power_agent
834,forge,agency_pos,power_agent
835,forget,agency_neg,power_agent
836,forgive,agency_pos,power_agent
837,form,agency_pos,power_agent
838,forsake,agency_pos,power_agent
839,foster,agency_equal,power_agent
840,found,agency_pos,power_agent
841,frame,agency_pos,power_equal
842,freaks out,agency_equal,
843,free,agency_pos,power_agent
844,freeze,agency_pos,power_agent
845,frighten,agency_pos,power_agent
846,frisk,agency_pos,power_agent
847,front,agency_pos,power_agent
848,frown,agency_pos,
849,frustrate,agency_pos,power_equal
850,fry,agency_pos,power_agent
851,fuel,agency_equal,power_agent
852,fulfil,agency_pos,power_theme
853,fulfill,agency_pos,power_equal
854,fumble,agency_equal,
855,fume,agency_pos,
856,function,agency_pos,
857,furnish,agency_pos,power_agent
858,furrow,agency_equal,power_agent
859,fusses over,agency_pos,power_theme
860,gag,agency_pos,power_agent
861,gags on,agency_neg,power_agent
862,gain,agency_pos,power_agent
863,gallop,agency_pos,
864,gamble,agency_pos,
865,gap,agency_pos,power_agent
866,gasp,agency_equal,
867,gather,agency_pos,power_agent
868,gauge,agency_pos,power_equal
869,gawk,agency_equal,
870,gaze,agency_equal,
871,generate,agency_pos,power_agent
872,gesture,agency_equal,power_agent
873,get,agency_pos,power_agent
874,gift,agency_pos,power_agent
875,giggle,agency_pos,
876,gird,agency_pos,power_agent
877,give,agency_pos,power_agent
878,glance,agency_neg,
879,glare,agency_pos,
880,glaze,agency_pos,power_agent
881,gleam,agency_neg,
882,glide,agency_equal,
883,glimpse,agency_neg,power_agent
884,glint,agency_equal,
885,glisten,agency_neg,
886,glitter,agency_neg,
887,glow,agency_neg,
888,glower,agency_equal,
889,glue,agency_pos,power_agent
890,gnaw,agency_pos,power_agent
891,go,,power_equal
892,go,agency_equal,
893,gorge,agency_pos,power_agent
894,gouge,agency_pos,power_agent
895,govern,agency_pos,power_agent
896,grab,agency_pos,power_agent
897,graduate,agency_pos,
898,grant,agency_pos,power_agent
899,grapples with,agency_pos,power_equal
900,grasp,agency_equal,power_agent
901,graze,agency_pos,power_agent
902,greet,agency_equal,power_theme
903,grieve,agency_neg,power_theme
904,grill,agency_pos,power_agent
905,grimace,agency_neg,
906,grin,agency_pos,
907,grind,agency_pos,power_agent
908,grip,agency_pos,power_agent
909,grit,agency_pos,power_agent
910,groan,agency_pos,
911,groom,agency_pos,power_agent
912,grope,agency_pos,power_agent
913,ground,agency_pos,power_agent
914,group,agency_pos,power_agent
915,grow,agency_pos,
916,growl,agency_pos,
917,grumble,agency_pos,
918,grunt,agency_pos,
919,guarantee,agency_pos,power_agent
920,guard,agency_pos,power_theme
921,guess,agency_neg,power_equal
922,guide,agency_pos,power_agent
923,gulp,agency_pos,power_agent
924,gush,agency_equal,
925,gyrate,agency_pos,
926,hack,agency_pos,power_agent
927,hail,agency_pos,power_theme
928,halt,agency_pos,power_agent
929,hammer,agency_pos,power_agent
930,hamper,agency_pos,power_agent
931,hand,agency_pos,power_agent
932,handcuff,agency_pos,power_agent
933,handle,agency_pos,power_agent
934,hang,agency_pos,power_agent
935,happen,agency_neg,
936,harass,agency_pos,power_agent
937,harden,agency_pos,power_equal
938,harm,agency_pos,power_agent
939,hasten,agency_pos,power_agent
940,hat,agency_neg,power_theme
941,haul,agency_pos,power_equal
942,haunt,agency_neg,power_agent
943,have,agency_neg,power_agent
944,head,agency_pos,
945,heal,agency_pos,power_agent
946,heap,agency_pos,power_agent
947,hear,agency_neg,power_theme
948,heat,agency_pos,power_agent
949,heave,agency_pos,power_agent
950,heft,agency_pos,power_agent
951,heighten,agency_pos,power_agent
952,help,agency_pos,power_equal
953,herd,agency_pos,power_agent
954,hesitate,agency_neg,
955,hide,agency_pos,power_agent
956,highlight,agency_pos,power_equal
957,hike,agency_equal,power_equal
958,hire,agency_pos,power_agent
959,hiss,agency_pos,
960,hit,agency_pos,power_agent
961,hitch,agency_pos,power_agent
962,hobble,agency_pos,
963,hoist,agency_pos,power_equal
964,hold,agency_pos,power_agent
965,holler,agency_pos,power_agent
966,honk,agency_pos,
967,honor,agency_pos,power_theme
968,hook,agency_pos,power_agent
969,hop,agency_equal,power_theme
970,hop,agency_pos,
971,hope,agency_neg,
972,horrify,agency_equal,power_agent
973,house,agency_pos,power_agent
974,hover,agency_pos,
975,howl,agency_pos,
976,huddle,agency_pos,
977,huff,agency_pos,
978,hug,agency_pos,power_agent
979,hum,agency_pos,power_agent
980,humiliate,agency_pos,power_agent
981,hunch,agency_neg,
982,hunt,agency_pos,power_agent
983,hurl,agency_pos,power_agent
984,hurry,agency_pos,power_agent
985,hurt,agency_pos,power_agent
986,hurtle,agency_pos,power_agent
987,hush,agency_pos,power_agent
988,hustle,agency_pos,power_agent
989,hyperventilate,agency_equal,power_agent
990,hypnotize,agency_pos,power_agent
991,ice,agency_pos,power_agent
992,identify,agency_pos,power_agent
993,idle,agency_neg,
994,ignite,agency_pos,power_agent
995,ignore,agency_pos,power_agent
996,illuminate,agency_pos,power_equal
997,illustrate,agency_pos,power_equal
998,imagine,agency_equal,power_equal
999,imitate,agency_equal,power_theme
1000,immerse,agency_pos,power_agent
1001,immobilize,agency_pos,power_agent
1002,immure,agency_pos,power_agent
1003,impale,agency_pos,power_agent
1004,implement,agency_pos,power_agent
1005,implore,agency_pos,power_theme
1006,imply,agency_neg,power_agent
1007,impose,agency_pos,power_agent
1008,impress,agency_neg,power_equal
1009,improve,agency_pos,power_agent
1010,improvise,agency_pos,
1011,inch,agency_equal,
1012,include,agency_pos,power_agent
1013,incorporate,agency_pos,power_theme
1014,increase,agency_pos,power_agent
1015,indicate,agency_pos,power_equal
1016,induce,agency_pos,power_agent
1017,indulge,agency_equal,power_theme
1018,infect,agency_pos,power_equal
1019,inflame,agency_pos,power_agent
1020,inflict,agency_pos,power_agent
1021,influence,agency_pos,power_agent
1022,inform,agency_pos,power_agent
1023,inhale,agency_equal,power_agent
1024,inherit,agency_neg,power_agent
1025,initiate,agency_pos,power_agent
1026,inject,agency_pos,power_agent
1027,injure,agency_pos,power_agent
1028,insert,agency_pos,power_agent
1029,insist,agency_pos,power_agent
1030,insists on,agency_pos,power_agent
1031,inspect,agency_pos,power_agent
1032,inspire,agency_pos,power_agent
1033,instal,agency_pos,power_agent
1034,install,agency_pos,power_agent
1035,institute,agency_pos,power_agent
1036,instruct,agency_pos,power_agent
1037,insult,agency_pos,power_agent
1038,insure,agency_pos,power_agent
1039,integrate,agency_pos,power_agent
1040,intend,agency_neg,power_equal
1041,intensify,agency_pos,power_agent
1042,intercept,agency_pos,power_agent
1043,interest,agency_neg,power_theme
1044,interfere,agency_pos,
1045,interpret,agency_pos,power_equal
1046,interrogate,agency_pos,power_agent
1047,interrupt,agency_pos,power_agent
1048,intersect,agency_equal,power_equal
1049,intervene,agency_pos,
1050,interview,agency_pos,power_equal
1051,intimidate,agency_pos,power_agent
1052,intrigue,agency_neg,power_agent
1053,introduce,agency_pos,power_agent
1054,intrude,agency_pos,
1055,invade,agency_pos,power_agent
1056,invent,agency_pos,power_agent
1057,invest,agency_pos,power_agent
1058,investigate,agency_pos,power_agent
1059,invite,agency_equal,power_agent
1060,invoke,agency_pos,power_agent
1061,involve,agency_pos,power_agent
1062,irritate,agency_pos,power_agent
1063,isolate,agency_equal,power_agent
1064,issue,agency_pos,power_agent
1065,jab,agency_pos,power_agent
1066,jam,agency_pos,power_agent
1067,jar,agency_pos,power_agent
1068,jiggle,agency_pos,power_agent
1069,jog,agency_pos,
1070,join,agency_pos,power_theme
1071,joke,agency_equal,
1072,jolt,agency_pos,power_agent
1073,jostle,agency_pos,power_agent
1074,jot,agency_pos,power_theme
1075,joy,agency_pos,power_theme
1076,judge,agency_pos,power_agent
1077,juggle,agency_pos,power_agent
1078,jump,agency_pos,
1079,justify,agency_pos,power_agent
1080,jut,agency_pos,
1081,keep,agency_neg,power_agent
1082,key,agency_pos,power_agent
1083,kick,agency_pos,power_agent
1084,kid,agency_pos,power_agent
1085,kidnap,agency_pos,power_agent
1086,kill,agency_pos,power_agent
1087,kiss,agency_pos,power_agent
1088,kneel,agency_pos,
1089,knit,agency_pos,power_agent
1090,knock,agency_pos,power_agent
1091,knot,agency_pos,power_agent
1092,know,agency_neg,power_agent
1093,label,agency_pos,power_equal
1094,labor,agency_pos,
1095,lace,agency_pos,power_agent
1096,lack,agency_neg,power_theme
1097,lag,agency_neg,
1098,lament,agency_neg,power_theme
1099,land,agency_pos,
1100,lap,agency_pos,power_agent
1101,lash,agency_pos,power_agent
1102,last,agency_pos,power_agent
1103,latch,agency_equal,power_equal
1104,laud,agency_pos,power_equal
1105,laugh,agency_pos,
1106,launch,agency_pos,power_agent
1107,lay,agency_pos,
1108,lead,agency_pos,power_agent
1109,leaf,agency_pos,power_agent
1110,leak,agency_pos,power_equal
1111,lean,agency_pos,
1112,leap,agency_pos,
1113,learn,agency_equal,power_theme
1114,leave,agency_equal,power_agent
1115,lecture,agency_pos,power_agent
1116,leer,agency_neg,
1117,lend,agency_equal,power_agent
1118,let,agency_equal,power_agent
1119,letter,agency_pos,power_equal
1120,level,agency_pos,power_agent
1121,lick,agency_pos,power_equal
1122,lie,agency_pos,
1123,lies to,agency_pos,power_equal
1124,lift,agency_pos,power_agent
1125,light,agency_pos,power_agent
1126,lighten,agency_pos,power_agent
1127,like,agency_equal,power_theme
1128,limit,agency_pos,power_agent
1129,limp,agency_neg,
1130,line,agency_pos,power_equal
1131,linger,agency_neg,
1132,link,agency_pos,power_equal
1133,list,agency_pos,power_equal
1134,listen,agency_pos,power_theme
1135,litter,agency_pos,power_agent
1136,live,agency_equal,power_equal
1137,lives on,agency_neg,power_equal
1138,load,agency_pos,power_agent
1139,locate,agency_pos,power_equal
1140,lock,agency_pos,power_agent
1141,lodge,agency_equal,
1142,loll,agency_neg,
1143,long,agency_neg,power_theme
1144,look,agency_equal,power_equal
1145,loom,agency_neg,
1146,loop,agency_pos,power_agent
1147,loose,agency_pos,power_agent
1148,loosen,agency_pos,power_agent
1149,lop,agency_pos,power_agent
1150,lose,agency_equal,power_theme
1151,lounge,agency_neg,
1152,love,agency_pos,power_equal
1153,low,agency_pos,
1154,lower,agency_pos,power_agent
1155,lug,agency_pos,power_theme
1156,lumber,agency_pos,
1157,lunge,agency_pos,
1158,lurch,agency_pos,power_agent
1159,lure,agency_pos,power_agent
1160,lurk,agency_neg,
1161,magnify,agency_pos,power_equal
1162,mail,agency_pos,power_agent
1163,maintain,agency_pos,power_agent
1164,make,agency_pos,power_agent
1165,man,agency_pos,power_agent
1166,manage,agency_pos,power_agent
1167,mandate,agency_pos,power_agent
1168,maneuver,agency_pos,power_agent
1169,mangle,agency_pos,power_agent
1170,manipulate,agency_pos,power_agent
1171,manufacture,agency_pos,power_agent
1172,march,agency_equal,
1173,mark,agency_pos,power_agent
1174,marry,agency_pos,power_equal
1175,marvels at,agency_equal,power_theme
1176,mash,agency_pos,power_agent
1177,mask,agency_pos,power_agent
1178,massage,agency_pos,power_theme
1179,mat,agency_equal,power_agent
1180,match,agency_pos,power_equal
1181,mate,agency_equal,power_equal
1182,materialize,agency_neg,
1183,matter,agency_neg,
1184,mean,agency_neg,power_equal
1185,measure,agency_pos,power_equal
1186,mediate,agency_pos,
1187,meet,agency_pos,power_equal
1188,melt,agency_pos,power_agent
1189,memorize,agency_equal,power_equal
1190,mend,agency_pos,power_agent
1191,mention,agency_equal,power_theme
1192,merge,agency_pos,power_agent
1193,mesmerize,agency_equal,power_agent
1194,messes up,agency_pos,power_agent
1195,mill,agency_pos,
1196,mime,agency_pos,power_theme
1197,mimic,agency_pos,power_theme
1198,mind,agency_equal,power_theme
1199,mingle,agency_pos,power_theme
1200,minimize,agency_pos,power_agent
1201,mirror,agency_equal,power_agent
1202,miss,agency_neg,power_theme
1203,mistake,agency_equal,power_equal
1204,misunderstand,agency_neg,power_theme
1205,mix,agency_pos,power_agent
1206,moan,agency_pos,
1207,mobilize,agency_pos,power_agent
1208,mock,agency_pos,power_agent
1209,modify,agency_pos,power_agent
1210,moisten,agency_equal,
1211,monitor,agency_neg,power_agent
1212,mop,agency_pos,power_equal
1213,motions to,agency_pos,power_equal
1214,motivate,agency_pos,power_agent
1215,mount,agency_pos,power_agent
1216,mourn,agency_pos,
1217,mouth,agency_pos,power_equal
1218,move,agency_pos,power_agent
1219,moves on,agency_pos,power_equal
1220,mow,agency_pos,power_agent
1221,muffle,agency_pos,power_agent
1222,mug,agency_pos,power_agent
1223,mull,agency_equal,
1224,multiply,agency_equal,power_agent
1225,mumble,agency_pos,power_equal
1226,munch,agency_pos,power_agent
1227,murder,agency_pos,power_agent
1228,murmur,agency_equal,power_equal
1229,muster,agency_pos,power_agent
1230,mute,agency_pos,power_agent
1231,mutilate,agency_pos,power_agent
1232,mutter,agency_equal,power_equal
1233,nail,agency_pos,power_agent
1234,name,agency_pos,power_agent
1235,narrow,agency_pos,power_equal
1236,navigate,agency_pos,power_agent
1237,near,agency_pos,power_equal
1238,need,agency_neg,power_theme
1239,neglect,agency_equal,power_agent
1240,negotiate,agency_pos,power_agent
1241,nestle,agency_pos,power_agent
1242,nibble,agency_pos,power_agent
1243,nod,agency_pos,
1244,nods to,agency_pos,power_theme
1245,nominate,agency_pos,power_agent
1246,nose,agency_pos,power_agent
1247,note,agency_equal,power_theme
1248,notice,agency_equal,power_equal
1249,notify,agency_pos,power_agent
1250,nudge,agency_pos,power_equal
1251,number,agency_pos,power_equal
1252,nurse,agency_pos,power_agent
1253,nuzzle,agency_pos,power_theme
1254,obey,agency_neg,power_theme
1255,object,agency_pos,
1256,objects to,agency_pos,power_theme
1257,oblige,agency_equal,power_theme
1258,obliterate,agency_pos,power_agent
1259,obscure,agency_pos,power_agent
1260,observe,agency_neg,power_equal
1261,obsesses over,agency_equal,power_theme
1262,obstruct,agency_pos,power_agent
1263,obtain,agency_pos,power_agent
1264,occupy,agency_pos,power_agent
1265,occur,agency_neg,
1266,offend,agency_pos,power_theme
1267,offer,agency_pos,power_agent
1268,offers to,agency_pos,power_theme
1269,omit,agency_pos,power_agent
1270,ooze,agency_equal,power_equal
1271,open,agency_pos,power_agent
1272,operate,agency_pos,power_agent
1273,oppose,agency_pos,power_equal
1274,order,agency_pos,power_agent
1275,organize,agency_pos,power_agent
1276,outlaw,agency_pos,power_agent
1277,outline,agency_pos,power_theme
1278,overcome,agency_pos,power_agent
1279,overflow,agency_neg,
1280,overhear,agency_equal,power_equal
1281,overlap,agency_equal,power_agent
1282,overlook,agency_neg,power_agent
1283,overmaster,agency_pos,power_agent
1284,oversee,agency_pos,power_agent
1285,overtake,agency_pos,power_agent
1286,overthrow,agency_pos,power_agent
1287,overturn,agency_pos,power_agent
1288,overwhelm,agency_pos,power_agent
1289,owe,agency_neg,power_theme
1290,own,agency_equal,power_agent
1291,pace,agency_pos,power_equal
1292,pack,agency_pos,power_agent
1293,pad,agency_pos,power_agent
1294,paddle,agency_pos,
1295,page,agency_pos,power_equal
1296,paint,agency_pos,power_agent
1297,pal,agency_equal,
1298,pan,agency_pos,power_agent
1299,panic,agency_pos,power_equal
1300,pant,agency_equal,
1301,paralyze,agency_pos,power_agent
1302,pardon,agency_pos,power_agent
1303,park,agency_pos,power_agent
1304,part,agency_pos,power_agent
1305,partake,,
1306,participate,agency_pos,
1307,pass,agency_pos,power_agent
1308,paste,agency_pos,power_agent
1309,pat,agency_pos,power_equal
1310,patch,agency_pos,power_agent
1311,patrol,agency_pos,power_agent
1312,pause,agency_neg,
1313,pave,agency_pos,power_equal
1314,paw,agency_pos,power_equal
1315,pay,agency_equal,power_agent
1316,peck,agency_pos,power_agent
1317,pedal,agency_pos,
1318,peddle,agency_pos,power_agent
1319,pee,agency_pos,
1320,peek,agency_neg,
1321,peel,agency_pos,power_agent
1322,peep,agency_pos,
1323,peer,agency_pos,
1324,peg,agency_pos,power_agent
1325,pelt,agency_pos,power_agent
1326,pen,agency_pos,power_agent
1327,penetrate,agency_pos,power_agent
1328,perceive,agency_neg,power_equal
1329,perch,agency_pos,
1330,perfect,agency_pos,power_agent
1331,perform,agency_pos,power_equal
1332,permit,agency_pos,power_agent
1333,perplex,agency_neg,power_agent
1334,persuade,agency_pos,power_agent
1335,peruse,agency_pos,power_theme
1336,pet,agency_pos,power_equal
1337,petition,agency_pos,power_theme
1338,phone,agency_pos,power_equal
1339,photograph,agency_pos,power_equal
1340,pick,agency_pos,power_agent
1341,picture,agency_equal,power_equal
1342,pierce,agency_pos,power_agent
1343,pile,agency_pos,power_agent
1344,pin,agency_pos,power_agent
1345,pinch,agency_pos,power_agent
1346,pip,,
1347,pitch,agency_pos,power_agent
1348,pity,agency_pos,power_agent
1349,pivot,agency_pos,power_equal
1350,place,agency_pos,power_agent
1351,plague,agency_pos,power_agent
1352,plan,agency_pos,power_agent
1353,plant,agency_pos,power_agent
1354,plaster,agency_pos,power_agent
1355,plat,agency_pos,power_equal
1356,play,agency_pos,power_agent
1357,plead,agency_pos,power_theme
1358,please,agency_neg,power_theme
1359,pledge,agency_pos,power_agent
1360,plop,agency_pos,power_agent
1361,plow,agency_pos,power_agent
1362,pluck,agency_pos,power_agent
1363,plugs in,agency_pos,power_agent
1364,plummet,agency_neg,
1365,plunge,agency_pos,power_agent
1366,pocket,agency_equal,power_agent
1367,point,agency_pos,power_agent
1368,points at,agency_pos,power_equal
1369,poise,agency_pos,
1370,poison,agency_pos,power_agent
1371,poke,agency_pos,power_agent
1372,polish,agency_pos,power_theme
1373,ponder,agency_neg,
1374,pop,agency_pos,power_agent
1375,portray,agency_pos,power_theme
1376,pose,agency_neg,
1377,position,agency_pos,power_agent
1378,possess,agency_equal,power_agent
1379,post,agency_pos,power_agent
1380,postpone,agency_pos,power_agent
1381,pounce,agency_pos,
1382,pound,agency_pos,power_agent
1383,pour,agency_pos,power_agent
1384,power,agency_pos,power_agent
1385,practice,agency_pos,power_theme
1386,praise,agency_pos,power_equal
1387,pray,agency_equal,power_theme
1388,prays to,agency_neg,power_theme
1389,preach,agency_pos,power_equal
1390,precede,agency_neg,power_agent
1391,predict,agency_equal,power_theme
1392,prefer,agency_neg,power_theme
1393,preoccupy,agency_equal,power_agent
1394,prepare,agency_pos,power_agent
1395,prescribe,agency_pos,power_agent
1396,present,agency_pos,power_agent
1397,preserve,agency_pos,power_agent
1398,preside,agency_pos,
1399,press,agency_pos,power_agent
1400,presume,agency_equal,power_agent
1401,pretend,agency_pos,power_agent
1402,prevail,agency_pos,
1403,prevent,agency_pos,power_agent
1404,prick,agency_pos,power_agent
1405,print,agency_pos,power_agent
1406,prize,agency_pos,power_agent
1407,probe,agency_pos,power_agent
1408,proceed,agency_pos,
1409,process,agency_pos,power_equal
1410,proclaim,agency_pos,power_agent
1411,prod,agency_pos,power_agent
1412,produce,agency_pos,power_agent
1413,program,agency_pos,power_agent
1414,progress,agency_pos,
1415,prohibit,agency_pos,power_agent
1416,project,agency_equal,power_agent
1417,promise,agency_pos,power_equal
1418,promote,agency_pos,power_theme
1419,prompt,agency_pos,power_agent
1420,pronounce,agency_pos,power_agent
1421,prop,agency_pos,power_agent
1422,propel,agency_pos,power_agent
1423,propose,agency_pos,power_agent
1424,prosecute,agency_pos,power_agent
1425,protect,agency_pos,power_agent
1426,protest,agency_pos,power_equal
1427,protrude,agency_neg,
1428,prove,agency_pos,power_agent
1429,provide,agency_pos,power_agent
1430,provoke,agency_pos,power_equal
1431,prowl,agency_pos,
1432,pry,agency_equal,
1433,publish,agency_pos,power_agent
1434,puff,agency_pos,
1435,pull,agency_pos,power_agent
1436,pulsate,agency_equal,
1437,pulse,agency_equal,
1438,pummel,agency_pos,power_agent
1439,pump,,power_agent
1440,punch,agency_pos,power_agent
1441,punctuate,agency_pos,power_agent
1442,puncture,agency_pos,power_agent
1443,punish,agency_pos,power_agent
1444,purchase,agency_pos,power_agent
1445,purr,agency_equal,
1446,pursue,agency_pos,power_theme
1447,push,agency_pos,power_agent
1448,put,agency_equal,power_agent
1449,puzzle,agency_neg,power_agent
1450,quaff,agency_pos,
1451,qualify,agency_neg,
1452,query,agency_pos,power_theme
1453,question,agency_pos,power_agent
1454,quicken,agency_pos,power_agent
1455,quiet,agency_pos,power_agent
1456,quit,agency_pos,power_agent
1457,quiver,agency_pos,
1458,quote,agency_equal,power_theme
1459,race,agency_pos,power_equal
1460,racks up,agency_pos,power_equal
1461,radiate,agency_equal,power_theme
1462,rag,agency_pos,power_agent
1463,raid,agency_pos,power_agent
1464,rails against,agency_pos,power_agent
1465,rain,agency_pos,power_agent
1466,raise,agency_pos,power_agent
1467,rake,agency_pos,power_agent
1468,ram,agency_pos,power_agent
1469,ramble,agency_pos,
1470,range,agency_pos,
1471,rank,agency_pos,power_agent
1472,rant,agency_pos,
1473,rap,agency_pos,
1474,rape,agency_pos,power_agent
1475,ratify,agency_pos,power_agent
1476,rats on,agency_pos,power_agent
1477,rattle,agency_pos,power_agent
1478,ravage,agency_pos,power_agent
1479,rave,agency_pos,
1480,reach,agency_pos,power_theme
1481,react,agency_pos,
1482,reacts to,agency_pos,power_theme
1483,read,agency_equal,power_agent
1484,ready,agency_pos,power_agent
1485,reaffirm,agency_pos,power_agent
1486,realise,agency_equal,power_equal
1487,realize,agency_neg,power_equal
1488,reappear,agency_pos,
1489,rear,agency_pos,
1490,rearrange,agency_pos,power_agent
1491,reason,agency_pos,
1492,reassure,agency_pos,power_agent
1493,rebuild,agency_pos,power_agent
1494,recall,agency_neg,power_theme
1495,recede,agency_neg,
1496,receive,agency_neg,power_theme
1497,recite,agency_pos,power_equal
1498,reckon,agency_pos,power_agent
1499,recline,agency_neg,
1500,recognise,agency_equal,power_theme
1501,recognize,agency_neg,power_theme
1502,recoil,agency_equal,
1503,recommend,agency_pos,power_agent
1504,reconcile,agency_pos,power_equal
1505,reconsider,agency_equal,power_agent
1506,record,agency_equal,power_agent
1507,recount,agency_equal,power_agent
1508,recover,agency_pos,power_equal
1509,recruit,agency_pos,power_agent
1510,reduce,agency_pos,power_agent
1511,reel,agency_neg,
1512,refer,agency_pos,power_equal
1513,refill,agency_pos,power_agent
1514,reflect,agency_neg,power_theme
1515,refrain,agency_pos,power_agent
1516,refuse,agency_pos,power_agent
1517,regain,agency_pos,power_agent
1518,regard,agency_neg,power_theme
1519,register,agency_pos,power_agent
1520,regret,agency_neg,power_theme
1521,regulate,agency_pos,power_agent
1522,rehearse,agency_pos,power_equal
1523,reign,agency_pos,
1524,rein,agency_pos,power_equal
1525,reinforce,agency_pos,power_agent
1526,reiterate,agency_equal,power_theme
1527,reject,agency_pos,power_agent
1528,rejoin,agency_pos,power_equal
1529,relate,agency_pos,power_equal
1530,relates to,agency_neg,power_equal
1531,relax,agency_neg,
1532,release,agency_pos,power_agent
1533,relent,agency_pos,
1534,relieve,agency_pos,power_theme
1535,relinquish,agency_pos,power_agent
1536,relish,agency_neg,power_theme
1537,reload,agency_pos,power_agent
1538,rely,agency_neg,
1539,remain,agency_neg,
1540,remember,agency_equal,power_equal
1541,remind,agency_pos,power_agent
1542,remove,agency_pos,power_agent
1543,rend,agency_pos,power_agent
1544,render,agency_pos,power_agent
1545,renew,agency_pos,power_agent
1546,renounce,agency_pos,power_agent
1547,rent,agency_pos,power_equal
1548,reopen,agency_pos,power_agent
1549,repair,agency_pos,power_agent
1550,repay,agency_pos,power_theme
1551,repeat,agency_pos,power_theme
1552,replace,agency_pos,power_agent
1553,reply,agency_neg,power_equal
1554,report,agency_pos,power_agent
1555,represent,agency_pos,power_theme
1556,reproach,agency_pos,power_agent
1557,repulse,agency_neg,power_theme
1558,request,agency_equal,power_equal
1559,require,agency_equal,power_theme
1560,rescue,agency_pos,power_agent
1561,resemble,agency_neg,power_equal
1562,resent,agency_neg,power_theme
1563,reserve,agency_pos,power_agent
1564,resign,agency_equal,
1565,resist,agency_pos,power_equal
1566,resolve,agency_pos,power_equal
1567,respect,agency_equal,power_theme
1568,respond,agency_pos,power_theme
1569,rest,agency_neg,
1570,restore,agency_pos,power_agent
1571,restrain,agency_pos,power_agent
1572,restrict,agency_pos,power_agent
1573,result,agency_equal,
1574,results in,agency_neg,power_agent
1575,resume,agency_equal,power_agent
1576,retain,agency_pos,power_agent
1577,retire,agency_pos,power_agent
1578,retrace,agency_pos,
1579,retract,agency_pos,power_agent
1580,retreat,agency_equal,
1581,retrieve,agency_pos,power_agent
1582,return,agency_pos,power_agent
1583,rev,agency_pos,power_agent
1584,reveal,agency_pos,power_agent
1585,reverberate,agency_pos,
1586,reverse,agency_pos,power_agent
1587,review,agency_pos,power_equal
1588,revise,agency_pos,power_agent
1589,revive,agency_pos,power_agent
1590,revolve,agency_pos,
1591,revolves around,agency_equal,power_theme
1592,reward,agency_pos,power_agent
1593,ricochet,agency_pos,
1594,rid,agency_pos,power_agent
1595,rid,agency_pos,power_agent
1596,riddle,agency_pos,power_agent
1597,rifles through,agency_pos,power_agent
1598,rig,agency_pos,power_agent
1599,right,agency_pos,power_agent
1600,ring,agency_pos,power_agent
1601,rinse,agency_pos,power_agent
1602,rip,agency_pos,power_agent
1603,ripple,agency_pos,
1604,rise,agency_pos,
1605,risk,agency_equal,power_agent
1606,rivet,agency_pos,power_agent
1607,rivets on,agency_pos,power_agent
1608,roam,agency_neg,power_equal
1609,roar,agency_pos,
1610,roast,agency_pos,power_agent
1611,rob,agency_pos,power_agent
1612,rock,agency_equal,
1613,rocket,agency_pos,
1614,roll,agency_pos,power_agent
1615,root,agency_pos,power_equal
1616,rot,agency_neg,
1617,rotate,agency_pos,power_agent
1618,round,agency_pos,power_equal
1619,rouse,agency_pos,power_agent
1620,rout,agency_pos,power_agent
1621,row,agency_pos,power_agent
1622,rub,agency_pos,power_equal
1623,ruffle,agency_pos,power_agent
1624,ruin,agency_pos,power_agent
1625,rule,agency_pos,power_agent
1626,rumble,agency_pos,
1627,rummage,agency_pos,
1628,run,agency_pos,
1629,rush,agency_pos,power_agent
1630,rust,agency_neg,
1631,rustle,agency_pos,power_agent
1632,sack,agency_pos,power_agent
1633,sacrifice,agency_pos,power_agent
1634,sadden,agency_pos,power_agent
1635,saddle,agency_pos,power_agent
1636,sag,agency_neg,
1637,sail,agency_pos,power_agent
1638,salute,agency_pos,power_theme
1639,salvage,agency_pos,power_agent
1640,satisfy,agency_pos,power_theme
1641,saunter,agency_pos,
1642,save,agency_pos,power_agent
1643,savor,agency_pos,power_equal
1644,saw,agency_pos,power_agent
1645,say,agency_pos,power_equal
1646,scale,agency_pos,power_agent
1647,scamper,agency_pos,
1648,scan,agency_pos,power_agent
1649,scape,agency_pos,power_equal
1650,scar,agency_pos,power_agent
1651,scar,agency_pos,power_agent
1652,scatter,agency_pos,power_agent
1653,schedule,agency_pos,power_agent
1654,scoff,agency_pos,
1655,scoop,agency_pos,power_agent
1656,scoot,agency_pos,
1657,scorch,agency_pos,power_agent
1658,score,agency_pos,power_equal
1659,scorn,agency_pos,power_agent
1660,scour,agency_pos,power_agent
1661,scowl,agency_pos,
1662,scramble,agency_pos,power_agent
1663,scrap,agency_pos,power_agent
1664,scrap,agency_pos,power_agent
1665,scratch,agency_pos,power_agent
1666,scrawl,agency_pos,power_equal
1667,scream,agency_pos,
1668,screech,agency_pos,
1669,screen,agency_equal,power_agent
1670,scribble,agency_pos,power_equal
1671,scroll,agency_equal,
1672,scrub,agency_pos,power_agent
1673,scrunch,agency_pos,
1674,scrutinize,agency_pos,power_agent
1675,scurry,agency_pos,
1676,scuttle,agency_pos,
1677,seal,agency_pos,power_agent
1678,sear,agency_pos,power_agent
1679,search,agency_pos,power_agent
1680,seat,agency_pos,power_theme
1681,secure,agency_pos,power_agent
1682,seduce,agency_pos,power_agent
1683,see,agency_neg,power_equal
1684,seek,agency_pos,power_theme
1685,seem,agency_neg,
1686,seethe,agency_pos,
1687,seize,agency_pos,power_agent
1688,select,agency_pos,power_agent
1689,sell,agency_pos,power_agent
1690,send,agency_pos,power_agent
1691,sense,agency_neg,power_theme
1692,sentence,agency_pos,power_agent
1693,separate,agency_pos,power_agent
1694,serve,agency_equal,power_theme
1695,set,agency_pos,power_agent
1696,settle,agency_pos,power_agent
1697,sever,agency_pos,power_agent
1698,sew,agency_pos,power_equal
1699,shade,agency_pos,power_equal
1700,shadow,agency_equal,power_theme
1701,shake,agency_pos,power_agent
1702,shape,agency_pos,power_agent
1703,share,agency_pos,power_agent
1704,sharpen,agency_pos,power_agent
1705,shatter,agency_pos,power_agent
1706,shave,agency_pos,power_agent
1707,shed,agency_pos,power_agent
1708,shell,agency_pos,power_agent
1709,shelter,agency_pos,power_agent
1710,shield,agency_pos,power_agent
1711,shift,agency_pos,power_agent
1712,shimmer,agency_neg,
1713,shin,agency_equal,
1714,shin,agency_equal,
1715,ship,agency_pos,power_agent
1716,shiver,agency_equal,
1717,shock,agency_pos,power_agent
1718,shoo,,power_agent
1719,shoo,agency_pos,
1720,shoot,agency_pos,power_agent
1721,shop,agency_pos,
1722,shoulder,agency_pos,power_agent
1723,shout,agency_pos,power_agent
1724,shove,agency_pos,power_agent
1725,shovel,agency_pos,power_agent
1726,show,agency_pos,power_agent
1727,shower,agency_pos,power_theme
1728,shred,agency_pos,power_agent
1729,shriek,agency_pos,power_agent
1730,shrink,agency_pos,power_agent
1731,shroud,agency_pos,power_agent
1732,shrug,agency_pos,
1733,shudder,agency_neg,
1734,shuffle,agency_pos,power_agent
1735,shush,agency_pos,power_agent
1736,shut,agency_pos,power_agent
1737,sicken,agency_pos,power_agent
1738,side,agency_equal,
1739,sidestep,agency_pos,power_agent
1740,sidles up to,agency_pos,power_theme
1741,sift,agency_pos,power_agent
1742,sigh,agency_equal,
1743,sight,agency_pos,power_equal
1744,sign,agency_pos,power_equal
1745,signal,agency_pos,power_equal
1746,silence,agency_pos,power_agent
1747,silhouette,agency_neg,power_theme
1748,simmer,agency_pos,power_agent
1749,sing,agency_pos,power_agent
1750,singles out,agency_pos,power_agent
1751,sink,agency_pos,power_agent
1752,sip,agency_pos,power_agent
1753,sit,agency_neg,
1754,situate,agency_pos,power_agent
1755,size,agency_equal,power_agent
1756,sizzle,agency_equal,
1757,skate,agency_pos,power_agent
1758,sketch,agency_pos,power_equal
1759,skid,agency_equal,
1760,skim,agency_pos,power_agent
1761,skin,agency_pos,power_agent
1762,skip,agency_neg,power_agent
1763,skitter,agency_equal,
1764,slam,agency_pos,power_agent
1765,slant,agency_neg,
1766,slap,agency_pos,power_agent
1767,slash,agency_pos,power_agent
1768,slaughter,agency_pos,power_agent
1769,slay,agency_pos,power_agent
1770,sleep,agency_neg,
1771,slice,agency_pos,power_agent
1772,slick,agency_equal,power_agent
1773,slide,agency_equal,power_agent
1774,sling,agency_pos,power_agent
1775,slink,agency_neg,
1776,slip,agency_pos,power_agent
1777,slit,agency_pos,power_agent
1778,slither,agency_pos,
1779,slop,agency_pos,power_agent
1780,slosh,agency_equal,
1781,slouch,agency_neg,
1782,slow,agency_pos,power_agent
1783,slug,agency_pos,power_agent
1784,slumber,agency_neg,
1785,slump,agency_neg,
1786,slur,agency_equal,
1787,slurp,agency_pos,power_agent
1788,smack,agency_pos,power_agent
1789,smash,agency_pos,power_agent
1790,smear,agency_pos,power_agent
1791,smell,agency_neg,power_theme
1792,smile,agency_pos,
1793,smirk,agency_neg,
1794,smite,agency_pos,power_agent
1795,smoke,agency_pos,power_agent
1796,smolder,agency_neg,
1797,smooth,agency_pos,power_equal
1798,smother,agency_pos,power_agent
1799,snag,agency_pos,power_agent
1800,snap,agency_pos,
1801,snarls at,agency_pos,power_equal
1802,snatch,agency_pos,power_agent
1803,sneak,agency_pos,power_agent
1804,sneer,agency_pos,
1805,sneeze,agency_pos,
1806,snicker,agency_neg,
1807,sniff,agency_equal,
1808,snip,agency_pos,power_agent
1809,snoop,agency_pos,
1810,snore,agency_neg,
1811,snort,agency_pos,
1812,snow,agency_neg,
1813,snuggle,agency_pos,power_equal
1814,soak,agency_pos,power_agent
1815,soar,agency_pos,
1816,sob,agency_neg,
1817,sober,agency_pos,power_agent
1818,soften,agency_pos,power_equal
1819,soil,agency_pos,power_agent
1820,solicit,agency_pos,power_agent
1821,solve,agency_pos,power_agent
1822,soothe,agency_pos,power_equal
1823,sort,agency_pos,power_equal
1824,sound,agency_pos,power_equal
1825,space,agency_pos,power_agent
1826,span,agency_neg,power_agent
1827,spar,agency_pos,power_agent
1828,spar,agency_pos,power_equal
1829,spark,agency_pos,power_agent
1830,sparkle,agency_neg,
1831,spatter,agency_equal,
1832,speak,agency_pos,
1833,speaks to,agency_pos,power_equal
1834,specify,agency_pos,power_equal
1835,speed,agency_pos,
1836,speeds up,agency_pos,power_equal
1837,spell,agency_equal,power_equal
1838,spend,agency_pos,power_agent
1839,spew,agency_pos,power_agent
1840,spike,agency_pos,power_agent
1841,spill,agency_pos,power_agent
1842,spin,agency_pos,power_agent
1843,spiral,agency_pos,
1844,spits at,agency_pos,power_agent
1845,splash,agency_pos,
1846,splatter,agency_pos,power_agent
1847,splinter,agency_pos,power_agent
1848,split,agency_pos,power_agent
1849,spoil,agency_pos,power_equal
1850,sponsor,agency_pos,power_agent
1851,spook,agency_pos,power_agent
1852,sport,agency_equal,power_equal
1853,spot,agency_neg,power_agent
1854,sprawl,agency_equal,
1855,spray,agency_pos,power_agent
1856,spread,agency_pos,power_agent
1857,spring,agency_pos,
1858,sprinkle,agency_pos,power_agent
1859,sprint,agency_pos,
1860,sprout,agency_pos,
1861,spur,agency_pos,power_agent
1862,sputter,agency_pos,
1863,spy,agency_pos,power_equal
1864,square,agency_pos,power_agent
1865,squash,agency_pos,power_agent
1866,squat,agency_pos,
1867,squeak,agency_equal,
1868,squeal,agency_equal,
1869,squeeze,agency_pos,power_agent
1870,squint,agency_equal,
1871,squirm,agency_equal,
1872,squirt,agency_pos,power_equal
1873,stab,agency_pos,power_agent
1874,stabilize,agency_pos,power_agent
1875,stack,agency_pos,power_agent
1876,stagger,agency_equal,
1877,stain,agency_pos,power_agent
1878,stake,agency_pos,power_agent
1879,stalk,agency_pos,power_theme
1880,stall,agency_pos,power_agent
1881,stamp,agency_pos,power_agent
1882,stand,agency_equal,
1883,star,agency_neg,
1884,star,agency_pos,power_equal
1885,start,agency_pos,power_agent
1886,startle,agency_pos,power_equal
1887,starve,agency_pos,power_agent
1888,stash,agency_pos,power_agent
1889,state,agency_pos,power_equal
1890,station,agency_pos,power_agent
1891,stay,agency_neg,
1892,steady,agency_pos,power_agent
1893,steal,agency_pos,power_agent
1894,steam,agency_pos,power_agent
1895,steel,agency_pos,power_agent
1896,steer,agency_pos,power_agent
1897,stencil,agency_pos,power_agent
1898,step,agency_pos,
1899,stick,agency_pos,
1900,stiffen,agency_pos,power_equal
1901,stifle,agency_pos,power_agent
1902,stimulate,agency_pos,power_equal
1903,sting,agency_pos,power_agent
1904,stink,agency_neg,
1905,stir,agency_pos,power_agent
1906,stitch,agency_pos,power_equal
1907,stock,agency_pos,power_equal
1908,stomp,agency_pos,
1909,stone,agency_pos,power_agent
1910,stoop,agency_equal,
1911,stop,agency_pos,power_agent
1912,store,agency_pos,power_agent
1913,storm,agency_pos,power_agent
1914,stow,agency_pos,power_agent
1915,straddle,agency_pos,power_agent
1916,straighten,agency_pos,power_agent
1917,strain,agency_pos,power_agent
1918,strand,agency_pos,power_agent
1919,strangle,agency_pos,power_agent
1920,strangles on,agency_equal,power_agent
1921,strap,agency_pos,power_agent
1922,stray,agency_pos,
1923,stream,agency_pos,
1924,strengthen,agency_pos,power_agent
1925,stress,agency_pos,power_agent
1926,stretch,agency_pos,
1927,stride,agency_pos,
1928,strike,agency_pos,power_agent
1929,string,agency_pos,power_agent
1930,strip,agency_pos,power_agent
1931,strive,agency_pos,
1932,stroke,agency_pos,power_equal
1933,stroll,agency_equal,
1934,struggle,agency_equal,power_theme
1935,strut,agency_pos,
1936,stub,agency_equal,power_agent
1937,study,agency_pos,power_equal
1938,stuff,agency_pos,power_agent
1939,stumble,agency_neg,
1940,stun,agency_pos,power_agent
1941,subdue,agency_pos,power_agent
1942,submerge,agency_pos,power_agent
1943,submit,agency_pos,power_equal
1944,subside,agency_neg,
1945,subtitle,agency_pos,power_theme
1946,succeed,agency_pos,power_agent
1947,suckle,agency_pos,power_agent
1948,sue,agency_pos,power_agent
1949,suffer,agency_neg,power_theme
1950,suffocate,agency_pos,power_agent
1951,suggest,agency_pos,power_agent
1952,sulk,agency_neg,
1953,summon,agency_pos,power_agent
1954,superimpose,agency_pos,power_agent
1955,supervise,agency_pos,power_agent
1956,supply,agency_pos,power_agent
1957,support,agency_pos,power_equal
1958,suppose,agency_equal,power_equal
1959,suppress,agency_pos,power_agent
1960,surf,agency_pos,
1961,surface,agency_pos,
1962,surge,agency_pos,
1963,surpass,agency_pos,power_agent
1964,surprise,agency_pos,power_equal
1965,surrender,agency_neg,power_agent
1966,surround,agency_pos,power_agent
1967,survey,agency_pos,power_equal
1968,survive,agency_neg,power_equal
1969,survives on,agency_pos,power_theme
1970,suspect,agency_pos,power_equal
1971,suspend,agency_pos,power_agent
1972,sustain,agency_pos,power_agent
1973,swallow,agency_pos,power_agent
1974,swap,agency_pos,power_agent
1975,swarm,agency_pos,
1976,swat,agency_pos,power_agent
1977,sway,agency_pos,power_agent
1978,swear,agency_pos,power_agent
1979,sweat,agency_neg,
1980,sweep,agency_pos,power_agent
1981,swell,agency_equal,
1982,swerve,agency_pos,
1983,swig,agency_pos,power_equal
1984,swim,agency_pos,
1985,swing,agency_pos,power_agent
1986,swipe,agency_pos,power_agent
1987,swirl,agency_pos,power_agent
1988,switch,agency_pos,power_agent
1989,swivel,agency_pos,power_agent
1990,swoop,agency_pos,
1991,tack,agency_pos,power_agent
1992,tackle,agency_pos,power_agent
1993,tag,agency_pos,power_agent
1994,tail,agency_pos,power_theme
1995,tailor,agency_pos,power_equal
1996,take,agency_pos,power_equal
1997,talk,agency_pos,
1998,talks to,agency_pos,power_equal
1999,tangle,agency_pos,power_agent
2000,tap,agency_equal,power_equal
2001,target,agency_pos,power_agent
2002,taste,agency_pos,power_agent
2003,tattoo,,power_agent
2004,tattoo,agency_pos,
2005,taunt,agency_pos,power_agent
2006,taxis,agency_pos,
2007,teach,agency_pos,power_agent
2008,tear,agency_pos,power_agent
2009,tease,agency_pos,power_agent
2010,teeter,agency_neg,
2011,telephone,agency_pos,power_equal
2012,tell,agency_pos,power_equal
2013,tempt,agency_pos,power_agent
2014,tend,agency_pos,power_agent
2015,tense,agency_pos,power_equal
2016,term,agency_pos,power_agent
2017,terminate,agency_pos,power_agent
2018,terrify,agency_pos,power_agent
2019,test,agency_pos,power_agent
2020,testify,agency_pos,power_equal
2021,tether,agency_pos,power_agent
2022,thank,agency_pos,power_theme
2023,thaw,agency_pos,power_agent
2024,thin,agency_pos,power_agent
2025,think,agency_pos,power_equal
2026,thrash,agency_pos,power_agent
2027,thread,agency_pos,
2028,threaten,agency_pos,power_agent
2029,thrill,agency_pos,power_agent
2030,throb,agency_neg,
2031,throttle,agency_pos,power_agent
2032,throw,agency_pos,power_agent
2033,thrust,agency_pos,power_agent
2034,thumb,agency_equal,
2035,thump,agency_pos,power_agent
2036,thunder,agency_pos,
2037,tickle,agency_pos,power_equal
2038,ticks off,agency_equal,power_equal
2039,tidy,agency_pos,power_agent
2040,tie,agency_pos,power_equal
2041,tighten,agency_pos,power_agent
2042,tilt,agency_pos,power_agent
2043,time,agency_pos,power_agent
2044,ting,agency_pos,
2045,tip,agency_pos,power_theme
2046,tiptoe,agency_pos,
2047,tire,agency_equal,power_agent
2048,toast,agency_pos,power_equal
2049,tolerate,agency_equal,power_equal
2050,top,agency_pos,power_agent
2051,topple,agency_pos,power_agent
2052,torment,agency_pos,power_agent
2053,torture,agency_pos,power_agent
2054,toss,agency_pos,power_agent
2055,total,agency_pos,power_agent
2056,touch,agency_pos,power_theme
2057,tow,agency_pos,power_agent
2058,tower,agency_neg,
2059,toys with,agency_pos,power_agent
2060,trace,agency_pos,power_theme
2061,track,agency_pos,power_agent
2062,trade,agency_pos,power_agent
2063,trail,agency_pos,power_equal
2064,train,agency_pos,power_agent
2065,trample,agency_pos,power_agent
2066,transfer,agency_pos,power_agent
2067,transfix,agency_pos,power_agent
2068,transform,agency_pos,power_agent
2069,translate,agency_pos,power_agent
2070,transmit,agency_pos,power_equal
2071,transport,agency_pos,power_agent
2072,trap,agency_pos,power_agent
2073,trash,agency_pos,power_agent
2074,travel,agency_pos,power_agent
2075,tread,agency_pos,
2076,treat,agency_pos,power_agent
2077,tremble,agency_neg,
2078,trick,agency_pos,power_agent
2079,trickle,agency_neg,
2080,trigger,agency_pos,power_agent
2081,trim,agency_pos,power_agent
2082,trip,agency_pos,power_agent
2083,trips on,agency_neg,power_theme
2084,trot,agency_pos,power_equal
2085,trouble,agency_pos,power_agent
2086,trudge,agency_pos,
2087,trust,agency_neg,power_theme
2088,try,agency_pos,power_equal
2089,tuck,agency_pos,power_equal
2090,tug,agency_pos,power_agent
2091,tumble,agency_pos,
2092,tune,agency_pos,power_agent
2093,turn,agency_pos,power_agent
2094,twinkle,agency_equal,
2095,twirl,agency_pos,power_agent
2096,twist,agency_pos,power_agent
2097,twitch,agency_neg,
2098,type,agency_pos,power_equal
2099,unbuckle,agency_pos,power_agent
2100,unbutton,agency_pos,power_agent
2101,uncover,agency_pos,power_agent
2102,underestimate,agency_equal,power_theme
2103,undergo,,power_theme
2104,undergo,agency_neg,
2105,underlie,agency_neg,power_agent
2106,undermine,agency_pos,power_agent
2107,underscore,agency_pos,power_agent
2108,understand,agency_equal,power_agent
2109,undertake,agency_pos,power_theme
2110,undo,agency_pos,power_agent
2111,undress,agency_pos,power_agent
2112,undulate,agency_pos,
2113,unfold,agency_pos,power_agent
2114,unhook,agency_pos,power_agent
2115,unite,agency_pos,power_agent
2116,unleash,agency_pos,power_agent
2117,unload,agency_pos,power_theme
2118,unlock,agency_pos,power_equal
2119,unnerve,agency_pos,power_agent
2120,unpack,agency_pos,power_agent
2121,unravel,,power_agent
2122,unroll,agency_pos,power_agent
2123,unscrew,agency_pos,power_agent
2124,untie,agency_pos,power_agent
2125,unveil,agency_pos,power_agent
2126,unwrap,agency_pos,power_agent
2127,unzip,agency_pos,power_agent
2128,upbore,agency_pos,power_equal
2129,uphold,agency_pos,power_theme
2130,upset,agency_pos,power_agent
2131,urge,agency_pos,power_equal
2132,use,agency_pos,power_agent
2133,usher,agency_equal,power_agent
2134,utter,agency_pos,power_equal
2135,value,agency_neg,power_theme
2136,vanish,agency_neg,
2137,vary,agency_neg,
2138,vault,agency_pos,power_agent
2139,veer,agency_pos,
2140,vent,agency_pos,power_equal
2141,venture,agency_pos,
2142,verify,agency_equal,power_agent
2143,veto,,power_agent
2144,veto,agency_pos,
2145,vibrate,agency_pos,power_agent
2146,view,agency_neg,power_equal
2147,violate,agency_pos,power_agent
2148,visit,agency_pos,power_theme
2149,voice,agency_pos,power_equal
2150,volunteer,agency_pos,power_equal
2151,vote,agency_pos,power_theme
2152,vow,agency_pos,power_equal
2153,wad,agency_pos,power_agent
2154,waft,agency_pos,power_agent
2155,wag,agency_pos,power_agent
2156,wail,agency_neg,
2157,wait,agency_neg,power_theme
2158,wake,agency_pos,power_agent
2159,walk,agency_pos,power_agent
2160,wall,agency_pos,power_agent
2161,waltz,agency_pos,
2162,wander,agency_neg,
2163,want,agency_neg,power_theme
2164,warm,agency_pos,power_agent
2165,warn,agency_pos,power_agent
2166,warrant,agency_equal,power_agent
2167,wash,agency_pos,power_agent
2168,waste,agency_equal,power_agent
2169,watch,agency_equal,power_agent
2170,water,agency_pos,power_agent
2171,wave,agency_pos,power_equal
2172,waver,agency_equal,
2173,weaken,agency_pos,power_agent
2174,wear,agency_pos,power_agent
2175,weather,agency_pos,power_theme
2176,weave,agency_pos,power_agent
2177,wed,agency_pos,power_equal
2178,wedge,agency_pos,power_agent
2179,weep,agency_neg,
2180,weigh,agency_equal,power_agent
2181,welcome,agency_pos,power_equal
2182,weld,,power_agent
2183,well,agency_equal,
2184,wet,agency_pos,power_agent
2185,whack,agency_pos,power_agent
2186,wheel,agency_pos,power_agent
2187,wheeze,agency_equal,
2188,whimper,agency_neg,
2189,whine,agency_equal,
2190,whip,agency_pos,power_agent
2191,whir,agency_pos,
2192,whirl,agency_pos,power_agent
2193,whisk,agency_pos,power_agent
2194,whisper,agency_pos,power_equal
2195,whistle,agency_pos,
2196,whoop,agency_equal,
2197,widen,agency_pos,power_agent
2198,wield,agency_pos,power_agent
2199,wiggle,agency_pos,power_equal
2200,will,agency_pos,power_agent
2201,win,agency_pos,power_agent
2202,wince,agency_neg,
2203,wind,agency_pos,power_agent
2204,wink,agency_equal,
2205,wipe,agency_pos,power_agent
2206,wire,agency_pos,power_agent
2207,wish,agency_neg,power_theme
2208,wist,agency_neg,power_agent
2209,withdraw,agency_pos,power_agent
2210,wither,agency_neg,
2211,withhold,agency_pos,power_agent
2212,witness,agency_neg,power_theme
2213,wobble,agency_neg,
2214,wonder,agency_neg,power_theme
2215,work,agency_pos,
2216,worry,agency_neg,power_equal
2217,worsen,agency_pos,power_agent
2218,worship,agency_pos,power_theme
2219,wound,agency_pos,power_agent
2220,wrack,agency_pos,power_equal
2221,wrap,agency_pos,power_equal
2222,wreck,agency_pos,power_agent
2223,wrench,agency_pos,
2224,wrestle,agency_pos,
2225,wriggle,agency_pos,
2226,wring,agency_pos,power_agent
2227,write,agency_pos,power_agent
2228,writhe,agency_equal,
2229,wrong,agency_pos,power_agent
2230,yank,agency_pos,power_agent
2231,yawn,agency_equal,
2232,yell,agency_pos,
2233,yelp,agency_pos,
2234,yield,agency_equal,power_agent
2235,zap,agency_pos,power_agent
2236,zip,agency_pos,
2237,zoom,agency_pos,